Feature1,Feature2,Feature3,Feature4,CardType,score,Month
1.069222,1.0,-692.22,206.77,Elite,0.8352,1/31/2019
0.40173,1.0,2991.35,44.79,Smart Cash,0.4423,1/31/2019
0.9631053892215572,1.0,616.1399999999994,283.1,Platinum,0.9341,1/31/2019
0.0,,38900.0,0.0,Smart Cash,0.002,1/31/2019
0.007498214,1.0,11116.02,0.0,Elite,0.0335,1/31/2019
0.0,,10000.0,0.0,True Line Gold,0.1038,1/31/2019
0.1516018181818181,1.0,9332.38,0.0,Elite,0.182,1/31/2019
0.3506561538461538,1.0,8441.470000000001,0.0,Smart Cash,0.2943,1/31/2019
1.5486,1.0,-658.32,31.43,Elite,0.9414,1/31/2019
0.2646333333333333,1.0,7500.74,34.72,True Line,0.364,1/31/2019
0.0,,8000.0,0.0,Smart Cash,0.2417,1/31/2019
0.9644711111111112,1.0,319.7600000000002,171.7,True Line,0.8069,1/31/2019
-0.3522,0.0,811.3199999999997,427.23,Elite,0.1678,1/31/2019
0.0201442857142857,1.0,13717.98,10.81,True Line Gold,0.175,1/31/2019
0.059115,1.0,18817.7,0.0,Platinum,0.0113,1/31/2019
0.0270937777777777,1.0,65671.17,0.93,Smart Cash,0.0001,1/31/2019
0.79090875,1.0,1672.729999999999,105.82,Platinum,0.6374,1/31/2019
0.004958678,1.0,12040.0,0.0,Smart Cash,0.0599,1/31/2019
0.0127133333333333,1.0,2961.86,0.0,Platinum,0.2013,1/31/2019
0.6004873684210527,1.0,7590.74,0.0,Smart Cash,0.136,1/31/2019
0.016746739,1.0,18091.86,6.39,True Line,0.015,1/31/2019
0.9147130612244898,0.0,2089.5299999999997,20.2,Elite,0.1503,1/31/2019
0.914384,1.0,214.04,34.63,Smart Cash,0.7015,1/31/2019
0.5292668246445498,1.0,9932.47,143.62,Smart Cash,0.3552,1/31/2019
0.1026979166666666,1.0,8614.1,0.0,True Line,0.2634,1/31/2019
0.304594,1.0,3477.03,19.51,Platinum,0.2269,1/31/2019
0.9225919708029198,0.030895976,1060.4899999999998,9.48,True Line Gold,0.5755,1/31/2019
-0.001814,0.0,5009.07,0.0,Platinum,0.0125,1/31/2019
0.1764376623376623,1.0,6341.43,0.0,Platinum,0.196,1/31/2019
0.6061483606557377,0.2578360272670355,4804.99,28.38,Smart Cash,0.2009,1/31/2019
0.0398371428571428,1.0,6721.14,0.0,Platinum,0.1172,1/31/2019
-0.000496,0.0,20009.92,0.0,Elite,0.0009,1/31/2019
0.93249,1.0,675.1000000000004,155.75,True Line,0.8517,1/31/2019
0.20946,1.0,7905.4,3.15,True Line,0.1998,1/31/2019
0.0,,6200.0,0.0,True Line Gold,0.0885,1/31/2019
0.3890282608695652,1.0,2810.470000000001,33.38,Elite,0.4714,1/31/2019
1.0804253164556965,1.0,-635.36,170.4,Elite,0.8379,1/31/2019
6.666666666666668e-06,1.0,8999.94,0.06,Elite,0.0677,1/31/2019
0.008817,1.0,9911.83,1.53,Elite,0.0489,1/31/2019
0.009499412,1.0,16838.51,0.0,True Line,0.0091,1/31/2019
0.4899775,1.0,6120.27,71.62,True Line Gold,0.4723,1/31/2019
0.117313,1.0,8826.869999999999,108.6,True Line,0.1456,1/31/2019
0.04436789,1.0,10416.39,0.03,Platinum,0.0768,1/31/2019
0.1493225,1.0,6805.42,0.0,Smart Cash,0.4289,1/31/2019
2.1428571428571427e-06,1.0,13999.97,0.03,Platinum,0.0568,1/31/2019
0.0,,3200.0,0.0,Smart Cash,0.11,1/31/2019
0.1275164705882353,1.0,7416.11,12.39,Smart Cash,0.2587,1/31/2019
0.00696,1.0,6951.28,1.42,True Line Gold,0.2169,1/31/2019
0.9108791164658634,1.0,2219.1100000000006,421.28,Platinum,0.9731,1/31/2019
0.09428,1.0,4528.6,0.0,Smart Cash,0.1196,1/31/2019
0.5890599999999999,1.0,205.47000000000003,9.11,Elite,0.7489,1/31/2019
2.0235,1.0,-511.75,17.37,Elite,0.9626,1/31/2019
-0.004955556,0.0,9044.6,0.0,Smart Cash,0.0039,1/31/2019
0.3930412371134021,0.0,11775.0,0.0,True Line Gold,0.0132,1/31/2019
0.0264580152671755,1.0,12753.4,0.0,Elite,0.1251,1/31/2019
0.8988112500000001,1.0,2428.5299999999997,418.02,Platinum,0.9526,1/31/2019
0.0,,400.0,0.0,Elite,0.2683,1/31/2019
0.12927,1.0,6095.11,0.0,Elite,0.0866,1/31/2019
0.066301843,1.0,20261.25,31.24,Smart Cash,0.0273,1/31/2019
0.067104661,1.0,22016.33,26.56,True Line,0.0107,1/31/2019
0.7497596638655462,1.0,2977.860000000001,152.65,Platinum,0.4683,1/31/2019
0.2311062857142857,1.0,13455.64,123.06,Platinum,0.1937,1/31/2019
7.6e-05,1.0,4999.62,0.0,Platinum,0.2892,1/31/2019
0.0,,9200.0,0.0,Platinum,0.1153,1/31/2019
0.9564850340136054,1.0,1279.34,369.81,Smart Cash,0.9005,1/31/2019
0.0,,29500.0,0.0,Smart Cash,0.0116,1/31/2019
0.6672552631578947,1.0,1264.4299999999996,70.71,Smart Cash,0.5486,1/31/2019
0.042353659,1.0,11779.05,7.04,Elite,0.0901,1/31/2019
-5.6e-06,0.0,12500.07,0.0,True Line Gold,0.0134,1/31/2019
-0.000290604,0.0,14904.33,0.0,Smart Cash,0.0035,1/31/2019
0.055193605,1.0,16250.67,0.0,Smart Cash,0.0223,1/31/2019
1.016757,1.0,-167.57,132.19,Smart Cash,0.8854,1/31/2019
0.1945241935483871,1.0,4993.95,0.0,Smart Cash,0.1792,1/31/2019
0.0,,10000.0,0.0,Elite,0.0328,1/31/2019
-0.016396899,0.0,13111.52,0.0,Elite,0.01,1/31/2019
0.0,,22900.0,0.0,True Line Gold,0.0086,1/31/2019
0.074065714,1.0,6481.54,0.0,True Line Gold,0.1629,1/31/2019
0.091799333,1.0,13623.01,0.0,Platinum,0.0324,1/31/2019
0.0254545,1.0,19490.91,0.0,True Line Gold,0.0473,1/31/2019
0.0426649999999999,1.0,1914.67,0.0,True Line Gold,0.1031,1/31/2019
0.8011394117647059,1.0,3380.6299999999987,253.76,Platinum,0.7933,1/31/2019
0.0,,10000.0,0.0,Elite,0.0115,1/31/2019
0.0,,7500.0,0.0,Platinum,0.1396,1/31/2019
0.96279,1.0,186.05000000000013,81.88,Elite,0.7973,1/31/2019
0.3121443037974684,1.0,5434.06,48.95,True Line Gold,0.3651,1/31/2019
0.9060876056338028,1.0,3333.8899999999994,493.94,Elite,0.8859,1/31/2019
0.3302633333333333,1.0,6027.63,0.0,Platinum,0.261,1/31/2019
0.212,1.0,1576.0,13.2,Smart Cash,0.2341,1/31/2019
0.027013,1.0,9729.87,0.0,Platinum,0.174,1/31/2019
0.007454106,1.0,20545.7,5.43,Elite,0.0065,1/31/2019
0.1180173333333333,1.0,13229.74,0.0,Smart Cash,0.0939,1/31/2019
0.0,,8000.0,0.0,Platinum,0.125,1/31/2019
0.99585,0.0,37.35000000000037,1.65,Platinum,0.2201,1/31/2019
1.1689836363636363,1.0,-1858.82,241.32,Elite,0.9394,1/31/2019
0.102405,1.0,8975.95,12.94,True Line,0.0571,1/31/2019
0.01881,1.0,3924.76,0.0,True Line Gold,0.1475,1/31/2019
0.5321176470588236,0.033119610877736,795.4,3.62,True Line Gold,0.1775,1/31/2019
7.692307692307692e-06,1.0,5199.96,0.04,Platinum,0.2519,1/31/2019
0.176476,1.0,4117.62,0.0,Platinum,0.2224,1/31/2019
0.9507128205128206,1.0,576.6599999999999,148.54,Elite,0.7729,1/31/2019
-0.001183696,0.0,27632.67,0.0,Smart Cash,0.0015,2/28/2019
0.1539430769230769,1.0,21997.48,0.0,Smart Cash,0.0306,2/28/2019
0.8125806060606059,1.0,3092.42,272.63,Smart Cash,0.9039,2/28/2019
0.858721,1.0,1412.7900000000006,185.35,True Line Gold,0.7651,2/28/2019
0.090749412,1.0,7728.63,0.0,Smart Cash,0.2523,2/28/2019
0.0,,2500.0,0.0,Platinum,0.1224,2/28/2019
0.45962,1.0,2701.9,14.62,Platinum,0.436,2/28/2019
0.009918889,1.0,8910.73,0.0,Platinum,0.161,2/28/2019
0.0,,1000.0,0.0,True Line Gold,0.0908,2/28/2019
0.7600283018867925,1.0,1271.85,96.0,True Line Gold,0.6401,2/28/2019
0.2348760000000001,1.0,3825.62,0.0,Smart Cash,0.2995,2/28/2019
0.0,,9000.0,0.0,Elite,0.0523,2/28/2019
0.0,,10000.0,0.0,Platinum,0.0514,2/28/2019
0.020852,1.0,4895.74,0.0,Smart Cash,0.1024,2/28/2019
1.3282040000000002,1.0,-820.51,62.26,Elite,0.8735,2/28/2019
0.0,,15400.0,0.0,True Line Gold,0.0505,2/28/2019
0.093479381,1.0,8793.25,0.0,Smart Cash,0.3124,2/28/2019
0.0223,1.0,19554.0,0.0,Platinum,0.0088,2/28/2019
0.519533,1.0,9609.34,198.71,Smart Cash,0.7214,2/28/2019
0.3567388888888889,1.0,4631.48,8.76,Elite,0.3952,2/28/2019
0.6786479999999999,1.0,1606.7600000000002,71.34,Smart Cash,0.7627,2/28/2019
0.0,,14000.0,0.0,True Line,0.0357,2/28/2019
0.0214357142857142,1.0,6849.95,0.0,Elite,0.0669,2/28/2019
0.8203025974025974,1.0,2767.34,193.42,Platinum,0.7754,2/28/2019
0.6585506666666667,0.4508870995499207,5121.74,85.18,Platinum,0.2285,2/28/2019
-0.069928889,0.0,9629.36,0.0,Elite,0.0018,2/28/2019
0.0,,3000.0,0.0,Elite,0.0996,2/28/2019
0.0284516129032258,1.0,6023.6,0.0,Smart Cash,0.1415,2/28/2019
1.0195014,1.0,-975.07,978.37,Smart Cash,0.9963,2/28/2019
0.0,,14000.0,0.0,True Line,0.036,2/28/2019
0.063651852,1.0,2528.14,0.0,True Line,0.0685,2/28/2019
0.0403315,1.0,19193.37,6.77,Platinum,0.0678,2/28/2019
0.016599,1.0,9834.01,1.86,True Line,0.0723,2/28/2019
0.0,,5200.0,0.0,Elite,0.086,2/28/2019
-0.003649533,0.0,10739.05,35.95,Smart Cash,0.0197,2/28/2019
0.061814074,1.0,25331.02,0.0,True Line,0.0094,2/28/2019
0.25021,1.0,1499.58,10.61,Smart Cash,0.6609,2/28/2019
-0.0704745,0.0,21409.49,0.0,Platinum,0.0047,2/28/2019
0.0,,7000.0,0.0,True Line Gold,0.1525,2/28/2019
0.7096850393700788,0.0,3687.0,7.32,Platinum,0.1824,2/28/2019
0.9205,1.0,636.0,156.66,Platinum,0.7654,2/28/2019
0.000827626,1.0,25678.73,0.0,Elite,0.0175,2/28/2019
0.271648,1.0,3641.76,2.14,Elite,0.1789,2/28/2019
0.1442408333333333,1.0,10269.11,0.0,Elite,0.125,2/28/2019
0.040275652,1.0,11036.83,28.84,Platinum,0.1048,2/28/2019
0.0008,1.0,1998.4,1.6,Elite,0.307,2/28/2019
-0.000640667,0.0,30019.22,0.0,Platinum,0.0009,2/28/2019
0.045047938,1.0,18526.07,25.53,True Line,0.0437,2/28/2019
-1.82e-06,0.0,5500.01,0.0,Smart Cash,0.0483,2/28/2019
0.058562308,1.0,12238.69,0.0,Smart Cash,0.0641,2/28/2019
0.8039731707317073,0.8738824557305335,1607.42,105.7,Smart Cash,0.622,2/28/2019
0.9116802259887006,1.0,1563.2600000000002,0.0,Elite,0.5999,2/28/2019
0.8745322580645161,0.0,2333.7000000000007,14.23,Platinum,0.4776,2/28/2019
0.9751716666666668,1.0,446.9099999999999,279.01,Platinum,0.908,2/28/2019
0.43627,1.0,1127.46,0.0,Platinum,0.3222,2/28/2019
0.9388299319727892,0.0,899.2000000000007,0.0,Elite,0.1139,2/28/2019
-0.001428571,0.0,7010.0,0.0,Smart Cash,0.0057,2/28/2019
0.935023448,0.0,942.16,11.47,Smart Cash,0.3759,2/28/2019
0.253644,0.0,11195.34,3.7,Elite,0.0307,2/28/2019
0.019417094017094,1.0,11472.82,0.0,Platinum,0.1905,2/28/2019
0.9896,0.0,208.0,0.0,Elite,0.2713,2/28/2019
0.5924281818181818,1.0,4483.29,110.77,True Line,0.6344,2/28/2019
-0.008597638,0.0,12809.19,0.0,Elite,0.0183,2/28/2019
0.00797,1.0,5952.18,0.0,Platinum,0.0223,2/28/2019
-0.101556771,0.0,21149.89,0.0,Smart Cash,0.0107,2/28/2019
0.9478599078341016,0.0,1131.4399999999987,17.29,Smart Cash,0.2019,2/28/2019
0.081947368,1.0,8721.5,0.0,Smart Cash,0.0488,2/28/2019
0.0310185714285714,1.0,13565.74,0.0,True Line,0.1048,2/28/2019
0.0,,3000.0,0.0,Platinum,0.1357,2/28/2019
0.087214286,1.0,3194.75,0.18,Smart Cash,0.3257,2/28/2019
0.0,,5000.0,0.0,True Line Gold,0.1298,2/28/2019
0.5938310344827585,0.3986516540755237,5889.450000000003,48.78,True Line Gold,0.2725,2/28/2019
0.157648,1.0,8423.52,0.0,Smart Cash,0.1236,2/28/2019
0.9844163333333332,2.370270844077149e-05,467.5099999999984,12.49,Elite,0.2682,2/28/2019
-0.00697,0.0,19132.43,0.0,Smart Cash,0.0045,2/28/2019
0.2406290476190477,1.0,15946.79,0.0,True Line,0.0187,2/28/2019
1.0022568888888888,0.001270909,-50.78,25.78,Platinum,0.3862,2/28/2019
0.064781111,1.0,25250.91,36.98,True Line Gold,0.037,2/28/2019
0.9483137931034484,1.0,449.6700000000001,166.01,Platinum,0.7448,2/28/2019
0.1376777142857143,1.0,30181.28,0.0,Elite,0.0207,2/28/2019
0.246897619047619,1.0,3163.03,17.3,True Line Gold,0.4088,2/28/2019
0.6326745,1.0,7346.51,220.97,Elite,0.6746,2/28/2019
0.023346667,1.0,11719.84,0.09,Elite,0.0597,2/28/2019
0.043585263,1.0,9085.94,0.0,True Line,0.1319,2/28/2019
0.305703,,6942.9699999999975,18.15,Elite,0.2414,2/28/2019
0.015456,,9845.44,23.85,Platinum,0.0518,2/28/2019
0.075865,,9241.35,0.0,Platinum,0.2347,2/28/2019
0.143455294117647,,,0.79,Elite,0.2156,2/28/2019
0.0,,,0.0,Elite,0.1133,2/28/2019
0.2026828571428571,1.0,,0.0,True Line,0.2999,2/28/2019
0.043504286,1.0,,0.0,Platinum,0.2093,2/28/2019
0.7340624,1.0,,385.76,True Line Gold,0.7073,2/28/2019
0.535309,1.0,,31.51,Platinum,0.6858,2/28/2019
0.7199000000000001,0.0,,11.13,True Line,0.0402,2/28/2019
0.2624946666666666,0.0,,0.0,True Line,0.0311,2/28/2019
0.000415385,1.0,,1.08,Smart Cash,0.0392,2/28/2019
1.06004,1.0,,112.42,True Line,0.7893,2/28/2019
0.0221171428571428,1.0,,0.0,True Line,0.121,2/28/2019
0.98898,1.0,,247.75,Elite,0.8349,2/28/2019
0.0371604,1.0,,0.0,Elite,0.0108,2/28/2019
0.043897464,1.0,,0.0,Platinum,0.1588,3/31/2019
0.1250780769230769,1.0,,0.0,Elite,0.1399,3/31/2019
0.6534915151515152,1.0,,202.51,Elite,0.3395,3/31/2019
0.633364,1.0,,121.54,Smart Cash,0.7098,3/31/2019
0.048142353,1.0,,0.0,True Line Gold,0.0885,3/31/2019
0.0,,,0.0,True Line,0.0327,3/31/2019
0.289692,1.0,,0.0,True Line,0.2252,3/31/2019
0.0,,,0.0,Smart Cash,0.0387,3/31/2019
0.0,,,0.0,True Line Gold,0.0757,3/31/2019
0.8516528301886793,1.0,,57.75,Smart Cash,0.5066,3/31/2019
0.289606,1.0,,0.0,True Line,0.1043,3/31/2019
0.0,,,0.0,True Line,0.0242,3/31/2019
-0.134235294,0.0,,0.0,Platinum,0.0136,3/31/2019
0.0,,,0.0,Smart Cash,0.0618,3/31/2019
0.03935,1.0,,0.0,Smart Cash,0.0567,3/31/2019
1.362724,1.0,,51.3,Platinum,0.7385,3/31/2019
0.0,,,0.0,Platinum,0.0298,3/31/2019
0.1159948453608247,1.0,,0.0,Elite,0.3545,3/31/2019
0.102687,1.0,,0.0,True Line,0.1429,3/31/2019
1.0234235,1.0,,376.42,Elite,0.9071,3/31/2019
0.5101145,1.0,,161.63,Smart Cash,0.6959,3/31/2019
0.3527152777777778,1.0,,35.81,True Line Gold,0.1736,3/31/2019
0.668536,1.0,,59.44,Platinum,0.2977,3/31/2019
0.0,,,0.0,Platinum,0.0396,3/31/2019
0.0452528571428571,1.0,,0.0,Smart Cash,0.1084,3/31/2019
0.6503915584415585,1.0,,194.25,Platinum,0.5896,3/31/2019
0.6500493333333334,0.4547849701663669,,72.48,Smart Cash,0.2153,3/31/2019
-0.228516667,0.0,,0.0,True Line,0.0057,3/31/2019
0.0,,,0.0,Elite,0.0413,3/31/2019
0.0412435483870967,1.0,,0.0,True Line,0.0441,3/31/2019
0.2043056,1.0,,174.29,Elite,0.4349,3/31/2019
0.0,,,0.0,Smart Cash,0.0468,3/31/2019
0.0621259259259259,1.0,,0.0,True Line Gold,0.0826,3/31/2019
0.0552195,1.0,,0.05,Elite,0.1362,3/31/2019
0.0164139999999999,1.0,,0.01,Elite,0.1161,3/31/2019
0.0,,,,Smart Cash,0.0325,3/31/2019
0.036242056,1.0,,,Elite,0.0733,3/31/2019
0.001822593,1.0,,,Smart Cash,0.0409,3/31/2019
-0.073289,0.0,,,Smart Cash,0.0041,3/31/2019
0.6905370078740157,0.0,,,True Line Gold,0.1438,3/31/2019
0.90881,1.0,,,Platinum,0.4955,3/31/2019
0.00137821,1.0,,,True Line,0.0568,3/31/2019
0.706622,1.0,,,True Line,0.2614,3/31/2019
0.1299891666666666,1.0,,,Elite,0.2892,3/31/2019
-0.007909565,0.0,,,True Line Gold,0.0101,3/31/2019
-0.000640667,0.0,,,True Line,0.0176,3/31/2019
0.033855155,1.0,,,True Line,0.1114,3/31/2019
-1.82e-06,0.0,,,Smart Cash,0.0066,3/31/2019
0.2199807692307692,1.0,,,Elite,0.2312,3/31/2019
0.8017353658536585,0.8833977515237527,,,True Line,0.4736,3/31/2019
0.4826084745762712,1.0,,,True Line Gold,0.4997,3/31/2019
0.8612123655913978,0.0,,,Smart Cash,0.2449,3/31/2019
0.9831755555555556,1.0,,,True Line,0.4269,3/31/2019
0.31751,1.0,,,Elite,0.2125,3/31/2019
0.9294414965986396,0.0,,,Smart Cash,0.1961,3/31/2019
0.9412820689655172,1.0,,,Smart Cash,0.5702,3/31/2019
0.1540099999999999,0.0,,,True Line Gold,0.0087,3/31/2019
0.065199351,1.0,,,Platinum,0.0395,3/31/2019
0.979704,0.0,,,Smart Cash,0.2161,3/31/2019
0.6383690909090911,1.0,,,Smart Cash,0.4517,3/31/2019
0.0,,,,Platinum,0.03,3/31/2019
0.25908,1.0,,,True Line,0.4444,3/31/2019
-0.037510417,0.0,,,Platinum,0.0216,3/31/2019
0.9370506912442396,0.0,,,True Line Gold,0.1615,3/31/2019
0.0400094736842105,1.0,,,Elite,0.3424,3/31/2019
0.031965714,1.0,,,Smart Cash,0.0401,3/31/2019
0.0,,,,Elite,0.0346,3/31/2019
0.1862514285714285,1.0,,,Elite,0.0869,3/31/2019
0.0,,,,True Line,0.154,3/31/2019
0.6188179310344828,0.4324752642970023,,,True Line Gold,0.1273,3/31/2019
0.319967,1.0,,,True Line,0.321,3/31/2019
0.963227,3.460589594491572e-07,,,Elite,0.2537,3/31/2019
-0.005986842,0.0,,,Smart Cash,0.0087,3/31/2019
0.1524509523809523,1.0,,,Elite,0.169,3/31/2019
0.9933831111111112,4.474048727759504e-07,,,True Line Gold,0.123,3/31/2019
0.065783704,1.0,,,Elite,0.2048,3/31/2019
0.9365011494252874,1.0,,,Elite,0.4377,3/31/2019
0.1127242857142857,1.0,,,Smart Cash,0.0814,3/31/2019
0.3718785714285714,1.0,,,Elite,0.3438,3/31/2019
0.602434,1.0,,,Platinum,0.315,3/31/2019
0.2237175,1.0,,,Elite,0.4264,3/31/2019
0.083315789,1.0,,,Elite,0.2789,3/31/2019
0.444044,0.666030844,,,True Line Gold,0.0663,3/31/2019
0.224997,1.0,,,True Line Gold,0.2031,3/31/2019
0.048206,1.0,,,True Line,0.1115,3/31/2019
0.1310976470588235,1.0,,,Platinum,0.4123,3/31/2019
0.084439286,1.0,,,True Line,0.0944,3/31/2019
0.004377857,1.0,,,Platinum,0.0718,3/31/2019
0.7244308,1.0,,,Elite,0.4272,3/31/2019
0.185535,1.0,,,Smart Cash,0.1511,3/31/2019
0.7327035087719298,1.0,,,Platinum,0.3318,3/31/2019
0.235828,0.0,,,Smart Cash,0.0387,3/31/2019
3.846153846153846e-06,1.0,,,Elite,0.0755,3/31/2019
1.0917616666666663,1.0,,,True Line,0.5517,3/31/2019
0.0,,,,True Line,0.1891,3/31/2019
0.9958592592592592,1.0,,,Elite,0.6332,3/31/2019
0.0152174,1.0,,,Smart Cash,0.0548,3/31/2019
0.11193,1.0,,,True Line Gold,0.0575,3/31/2019
0.915668,0.0,,,True Line Gold,0.1701,3/31/2019
0.000111034,1.0,,,Smart Cash,0.0455,3/31/2019
0.0218550724637681,1.0,,,True Line,0.0468,4/30/2019
0.3395426923076923,1.0,,,True Line,0.386,4/30/2019
0.6653872727272727,1.0,,,True Line Gold,0.3995,4/30/2019
0.568353,1.0,,,Platinum,0.2871,4/30/2019
0.026352941,1.0,,,Smart Cash,0.1297,4/30/2019
0.0,,,,Elite,0.0492,4/30/2019
0.272262,1.0,,,True Line,0.2164,4/30/2019
0.0,,,,Platinum,0.2205,4/30/2019
0.0,,,,Smart Cash,0.0721,4/30/2019
0.8493471698113207,1.0,,,True Line Gold,0.4436,4/30/2019
0.107578,1.0,,,Platinum,0.0679,4/30/2019
0.0,,,,True Line,0.1123,4/30/2019
0.0,,,,Elite,0.0656,4/30/2019
0.0,,,,Platinum,0.0969,4/30/2019
0.048274,1.0,,,Smart Cash,0.0403,4/30/2019
1.359924,1.0,,,True Line,0.7453,4/30/2019
0.0,,,,Platinum,0.0789,4/30/2019
0.089248454,1.0,8834.29,,True Line,0.1826,4/30/2019
0.00566,1.0,19886.8,,True Line Gold,0.0393,4/30/2019
1.0083375,1.0,-166.75,,Platinum,0.7485,4/30/2019
0.483557,1.0,10328.86,,Smart Cash,0.4613,4/30/2019
0.4675,1.0,3834.0,,Platinum,0.4089,4/30/2019
0.6621859999999999,1.0,1689.0700000000006,,True Line Gold,0.2827,4/30/2019
0.007865714,1.0,13889.88,,Platinum,0.0248,4/30/2019
0.0283557142857142,1.0,6801.51,,True Line Gold,0.1355,4/30/2019
0.6642766233766234,1.0,5170.139999999999,150.53,Smart Cash,0.6673,4/30/2019
0.6417,0.4594763908368396,5374.5,74.76,Elite,0.1644,4/30/2019
-0.108055556,0.0,9972.5,0.0,Elite,0.0022,4/30/2019
0.0,,3000.0,0.0,True Line Gold,0.13,4/30/2019
0.032274194,1.0,5999.9,0.0,Smart Cash,0.1414,4/30/2019
0.0835386,1.0,45823.07,167.33,Elite,0.0056,4/30/2019
0.0,,14000.0,0.0,True Line,0.0523,4/30/2019
0.0407592592592592,1.0,2589.95,0.0,True Line Gold,0.1746,4/30/2019
0.05011,1.0,18997.8,0.0,Elite,0.0166,4/30/2019
0.02842,1.0,9715.8,0.0,True Line Gold,0.1807,4/30/2019
0.0,,5200.0,0.0,True Line Gold,0.1592,4/30/2019
0.1361523364485981,1.0,9243.17,9.41,Smart Cash,0.3057,4/30/2019
0.003655926,1.0,26901.29,0.0,Smart Cash,0.0148,4/30/2019
0.260875,1.0,1478.25,11.62,Smart Cash,0.33,4/30/2019
0.1984855,1.0,16030.29,0.0,Smart Cash,0.0826,4/30/2019
0.6714637795275591,0.0,4172.41,7.77,Elite,0.1803,4/30/2019
0.90074375,1.0,794.0500000000003,145.47,True Line Gold,0.6196,4/30/2019
0.004749027,1.0,25577.95,0.0,True Line,0.0111,4/30/2019
0.503718,1.0,2481.41,62.45,Platinum,0.4548,4/30/2019
0.1262041666666666,1.0,10485.55,0.0,Smart Cash,0.1327,4/30/2019
0.055908696,1.0,10857.05,-19.12,Smart Cash,0.0916,4/30/2019
5e-06,1.0,1999.99,0.01,True Line,0.1417,4/30/2019
-0.000640667,0.0,30019.22,-16.71,True Line,0.0004,4/30/2019
0.0305432989690721,1.0,18807.46,0.0,True Line,0.011,4/30/2019
-1.82e-06,0.0,5500.01,0.0,True Line Gold,0.0219,4/30/2019
0.2814092307692308,1.0,9341.68,0.0,True Line,0.1311,4/30/2019
0.7989121951219512,0.8928649932530208,1648.92,113.99,Smart Cash,0.666,4/30/2019
0.8785622119815668,1.0,2635.2000000000007,0.0,Smart Cash,0.7577,4/30/2019
0.8479284946236558,0.0,2828.530000000001,12.92,Smart Cash,0.3999,4/30/2019
0.9723677777777776,1.0,497.38,300.02,True Line,0.9035,4/30/2019
0.36118,1.0,1277.64,0.0,True Line Gold,0.6048,4/30/2019
0.9201469387755102,0.0,1173.84,0.0,Smart Cash,0.4143,4/30/2019
0.9162268965517242,0.0,1214.7099999999991,11.7,True Line,0.3308,4/30/2019
0.1319127777777777,0.0,15625.57,2.25,Elite,0.0035,4/30/2019
0.033836,1.0,7246.23,-16.5,Elite,0.0551,4/30/2019
0.03380974,1.0,14879.33,0.92,Elite,0.0958,4/30/2019
0.969907,0.0,601.8600000000006,0.0,Smart Cash,0.129,4/30/2019
0.6229045454545454,1.0,4148.05,129.89,Platinum,0.8035,4/30/2019
0.005576378,1.0,12629.18,0.0,Smart Cash,0.093,4/30/2019
0.7566633333333332,1.0,1460.020000000001,35.45,True Line,0.5829,4/30/2019
0.038028125,1.0,18469.86,0.0,Smart Cash,0.1028,4/30/2019
0.9263341013824884,0.0,1598.5499999999995,17.45,True Line,0.3544,4/30/2019
0.0405515789473684,1.0,9114.76,0.0,Elite,0.0375,4/30/2019
0.1225714285714285,1.0,12284.0,0.0,True Line Gold,0.0513,4/30/2019
0.0,,3000.0,0.0,True Line,0.0487,4/30/2019
0.2580371428571428,1.0,2596.87,0.0,Smart Cash,0.1404,4/30/2019
0.069196,1.0,4654.02,0.0,Elite,0.3839,4/30/2019
0.6510462068965517,0.470005307,5059.83,68.45,Platinum,0.3399,4/30/2019
0.344974,1.0,6550.26,0.0,Elite,0.2149,4/30/2019
0.9420066666666668,0.0,1739.7999999999995,24.15,Elite,0.4443,4/30/2019
-0.000787083,0.0,24018.89,0.0,Elite,0.0023,4/30/2019
0.2340790476190476,1.0,16084.34,0.0,True Line Gold,0.045,4/30/2019
0.9836706666666668,0.0,367.4099999999999,40.44,Platinum,0.2671,4/30/2019
0.03434963,1.0,26072.56,11.33,Smart Cash,0.0024,4/30/2019
0.9089091954022988,1.0,792.4899999999997,159.95,True Line,0.8794,4/30/2019
0.2435568571428572,1.0,26475.51,0.0,True Line,0.0185,4/30/2019
0.4077761904761905,1.0,2487.34,30.71,Smart Cash,0.5181,4/30/2019
0.7743595,1.0,4512.81,193.87,Smart Cash,0.7466,4/30/2019
0.2316833333333333,1.0,9219.8,52.45,Platinum,0.0812,4/30/2019
0.047256842,1.0,9051.06,0.0,True Line,0.0587,4/30/2019
0.40978,0.6778173654155888,5902.2,72.36,Elite,0.4593,4/30/2019
0.179349,1.0,8206.51,40.07,True Line,0.1191,4/30/2019
0.098562,1.0,9014.38,10.52,Elite,0.1503,4/30/2019
0.1273776470588235,1.0,7417.29,25.01,True Line,0.029,4/30/2019
0.1282264285714285,1.0,12204.83,0.0,Smart Cash,0.0463,4/30/2019
0.002857143,1.0,13960.0,0.0,Elite,0.0922,4/30/2019
0.7176047999999999,1.0,7059.880000000001,331.84,Smart Cash,0.5965,4/30/2019
0.424131,1.0,5758.69,0.0,Platinum,0.4396,4/30/2019
0.000463743,1.0,17092.07,8.7,True Line Gold,0.0235,4/30/2019
0.1824946666666666,0.0,12262.58,0.0,Elite,0.0076,4/30/2019
3.846153846153846e-06,1.0,2599.99,0.0,Platinum,0.3166,4/30/2019
1.04587,1.0,-275.22,105.66,True Line,0.7975,4/30/2019
0.0,,7000.0,0.0,Elite,0.1405,4/30/2019
0.9613777777777778,1.0,521.3999999999996,208.62,True Line,0.8454,4/30/2019
0.0006274,1.0,49968.63,0.0,True Line,0.0006,4/30/2019
0.0179478260869565,1.0,27104.64,0.0,True Line Gold,0.0245,5/31/2019
0.154316923076923,1.0,21987.76,0.0,Smart Cash,0.0697,5/31/2019
0.6538039024390244,1.0,7097.02,203.28,True Line,0.6336,5/31/2019
0.647884,1.0,3521.16,102.57,Elite,0.2911,5/31/2019
0.2052529411764706,1.0,6755.35,0.0,Elite,0.3966,5/31/2019
0.704968,1.0,737.5799999999997,0.0,Smart Cash,0.4971,5/31/2019
0.482692,1.0,2586.54,38.86,Smart Cash,0.6355,5/31/2019
0.0,,9000.0,0.0,Platinum,0.0315,5/31/2019
0.9637754716981132,1.0,191.9899999999997,84.17,Platinum,0.7562,5/31/2019
0.197268,1.0,4013.66,0.0,Platinum,0.233,5/31/2019
0.0,,9000.0,0.0,True Line Gold,0.0566,5/31/2019
0.0,,1700.0,0.0,True Line,0.3411,5/31/2019
0.03059,1.0,4847.05,3.58,True Line,0.0445,5/31/2019
1.254112,1.0,-635.28,52.57,True Line,0.8345,5/31/2019
0.000403896,1.0,15393.78,0.0,True Line,0.0525,5/31/2019
0.075903093,1.0,8963.74,0.0,Smart Cash,0.1401,5/31/2019
0.009191,1.0,19816.18,0.0,True Line,0.0269,5/31/2019
0.9940095,1.0,119.81000000000132,478.44,True Line,0.968,5/31/2019
0.466779,1.0,10664.42,154.45,Elite,0.5703,5/31/2019
0.2996791666666666,1.0,5042.31,40.02,Smart Cash,0.2304,5/31/2019
0.654726,1.0,1726.37,62.7,True Line,0.5311,5/31/2019
0.0259092857142857,1.0,13637.27,3.68,Platinum,0.0532,5/31/2019
0.039188571,1.0,6725.68,0.0,Platinum,0.1809,5/31/2019
0.6922181818181818,1.0,4739.84,166.25,Elite,0.4956,5/31/2019
0.633506,0.4642187024800606,5497.41,77.09,True Line,0.5955,5/31/2019
0.0,,9000.0,0.0,True Line,0.0441,5/31/2019
0.037529032,1.0,5967.32,0.0,Platinum,0.0848,5/31/2019
0.3548914,1.0,32255.43,49.19,Platinum,0.0189,5/31/2019
0.4109629629629629,1.0,1590.4,0.0,Smart Cash,0.237,5/31/2019
0.0108675,1.0,19782.65,0.0,True Line,0.0122,5/31/2019
0.016413,1.0,9835.87,0.0,True Line,0.0651,5/31/2019
0.0,,5200.0,0.0,Smart Cash,0.1166,5/31/2019
0.5777252336448598,1.0,4518.34,29.21,Platinum,0.5606,5/31/2019
0.002213333,1.0,29933.6,2.05,True Line,0.005,5/31/2019
0.241445,1.0,1517.11,9.17,Platinum,0.2605,5/31/2019
0.259445,1.0,14811.1,0.0,True Line,0.1269,5/31/2019
0.6522858267716536,0.0,4415.969999999998,6.44,True Line,0.0376,5/31/2019
0.8913924999999999,1.0,868.8599999999997,145.19,Platinum,0.7926,5/31/2019
-0.000114786,0.0,25702.95,0.0,True Line,0.003,5/31/2019
0.782474,1.0,1087.63,38.57,Platinum,0.8219,5/31/2019
0.1389483333333333,1.0,10332.62,0.0,Platinum,0.0943,5/31/2019
0.038944348,1.0,11052.14,0.0,Platinum,0.0274,5/31/2019
5e-06,1.0,1999.99,0.0,Platinum,0.1148,5/31/2019
-0.001197667,0.0,30035.93,0.0,True Line Gold,0.0019,5/31/2019
0.1406581967213114,1.0,20967.94,0.0,Smart Cash,0.1375,5/31/2019
-1.82e-06,0.0,5500.01,0.0,Elite,0.0147,5/31/2019
0.083276923,1.0,11917.4,0.0,True Line Gold,0.0257,5/31/2019
0.001315854,1.0,8189.21,29.71,Elite,0.1212,5/31/2019
0.1248041474654378,1.0,18991.75,0.0,Platinum,0.0713,5/31/2019
0.7677513274336283,0.000419568,5248.82,10.93,Elite,0.275,5/31/2019
0.9866766666666666,1.0,239.8199999999997,299.38,Platinum,0.9317,5/31/2019
0.31577,1.0,1368.46,0.0,Elite,0.6727,5/31/2019
0.9109455782312924,0.0,1309.1000000000004,0.0,Smart Cash,0.2998,5/31/2019
-0.001428571,0.0,7010.0,0.0,True Line,0.1155,5/31/2019
0.9065986206896552,0.0,1354.3199999999997,10.39,True Line,0.1821,5/31/2019
0.1055672222222222,0.0,16099.79,1.78,True Line,0.0212,5/31/2019
-0.0022,0.0,7516.5,0.0,Elite,0.0318,5/31/2019
0.8882753246753247,0.0211587608849485,1720.5599999999995,0.0,Elite,0.4014,5/31/2019
0.960208,0.0,795.8400000000001,0.0,Smart Cash,0.2385,5/31/2019
0.008082727,1.0,10911.09,49.38,Platinum,0.0877,5/31/2019
0.012675591,1.0,12539.02,0.0,True Line,0.0243,5/31/2019
0.8810916666666667,1.0,713.4499999999997,99.06,Smart Cash,0.7719,5/31/2019
0.1142583333333333,1.0,17006.239999999998,0.0,Platinum,0.0604,5/31/2019
0.9154668202764976,0.0,1834.369999999999,15.63,Platinum,0.3908,5/31/2019
0.0245010526315789,1.0,9267.24,0.0,True Line,0.0367,5/31/2019
0.0483257142857142,1.0,13323.44,0.0,Smart Cash,0.0355,5/31/2019
0.0,,3000.0,0.0,True Line Gold,0.0219,5/31/2019
0.1888342857142857,1.0,2839.08,0.0,Platinum,0.2414,5/31/2019
0.0,,5000.0,0.0,True Line,0.0411,5/31/2019
0.6729275862068966,0.4969976786967906,4742.549999999998,83.52,Elite,0.5334,5/31/2019
0.252262,1.0,7477.38,0.0,Elite,0.1338,5/31/2019
0.9209103333333334,0.0,2372.689999999999,23.62,True Line,0.3819,5/31/2019
-0.000787083,0.0,24018.89,0.0,Platinum,0.001,5/31/2019
0.1625357142857142,1.0,17586.75,0.0,True Line,0.0514,5/31/2019
0.9729866666666668,0.0,607.7999999999993,55.64,Platinum,0.3904,5/31/2019
0.008215185,1.0,26778.19,10.32,True Line,0.0041,5/31/2019
0.8670287356321839,1.0,1156.8500000000004,135.64,Platinum,0.8514,5/31/2019
0.106744,1.0,31263.96,0.0,True Line Gold,0.0039,5/31/2019
0.0,,2500.0,0.0,Elite,0.2293,5/31/2019
0.4513619047619048,1.0,2304.28,27.7,True Line,0.1285,5/31/2019
1.0108895,0.002125356,-217.79,7.53,Platinum,0.3261,5/31/2019
0.01417,1.0,11829.96,0.67,True Line Gold,0.1116,5/31/2019
0.0499115789473684,1.0,9025.84,0.0,Smart Cash,0.1599,5/31/2019
0.711209,0.8368426158836573,2887.91,41.45,True Line Gold,0.2468,5/31/2019
8.3e-05,1.0,9999.17,0.83,Platinum,0.0848,5/31/2019
0.111572,1.0,8884.28,0.1,Smart Cash,0.1255,5/31/2019
0.1217611764705882,1.0,7465.03,0.33,Platinum,0.1551,5/31/2019
0.1202299999999999,1.0,12316.78,0.0,Smart Cash,0.062,5/31/2019
0.002534286,1.0,13964.52,0.0,True Line,0.0261,5/31/2019
0.7108828,1.0,7227.93,339.87,Platinum,0.8239,5/31/2019
0.490914,1.0,5090.86,119.68,Elite,0.5827,5/31/2019
0.9884649122807018,4.7329576548194825e-06,197.25,10.75,Platinum,0.5167,5/31/2019
0.1084984771573604,0.0,17562.58,0.0,Platinum,0.0046,5/31/2019
0.0,,2600.0,0.0,True Line,0.0609,5/31/2019
1.0712066666666666,1.0,-427.24,105.02,Platinum,0.8886,5/31/2019
0.0,,7000.0,0.0,True Line,0.024,5/31/2019
0.9306548148148148,1.0,936.16,182.51,True Line Gold,0.7839,5/31/2019
0.0004598,1.0,49977.01,0.0,True Line,0.0002,5/31/2019
0.065636,1.0,4671.82,0.0,True Line Gold,0.1467,5/31/2019
-0.02,0.0,10200.0,0.0,Elite,0.0096,5/31/2019
0.000289855,1.0,27592.0,0.0,Elite,0.0432,6/30/2019
0.2818453846153846,1.0,18672.02,0.0,True Line,0.1,6/30/2019
1.06112,1.0,-1252.96,291.11,Platinum,0.9578,6/30/2019
0.8004760000000001,1.0,1995.24,125.97,Platinum,0.6915,6/30/2019
0.0249576470588235,1.0,8287.86,0.0,Platinum,0.0444,6/30/2019
0.3125,1.0,550.0,0.0,Smart Cash,0.2916,6/30/2019
0.739442,1.0,1302.79,42.65,True Line,0.5599,6/30/2019
0.0,,9000.0,0.0,Smart Cash,0.2054,6/30/2019
0.8839226415094341,1.0,615.21,78.1,Smart Cash,0.8661,6/30/2019
0.233946,1.0,3830.27,0.0,Smart Cash,0.3474,6/30/2019
0.0,,1700.0,0.0,Smart Cash,0.1135,6/30/2019
0.07237,1.0,4638.15,2.38,Platinum,0.0678,6/30/2019
1.229916,1.0,-574.79,54.51,Platinum,0.8406,6/30/2019
0.0,,18600.0,0.0,Platinum,0.0107,6/30/2019
0.1998969072164948,1.0,7761.0,0.0,True Line,0.099,6/30/2019
0.0474435,1.0,19051.13,0.05,True Line,0.0432,6/30/2019
0.978882,0.9999999999999948,422.3600000000006,497.45,True Line Gold,0.9854,6/30/2019
0.450288,1.0,10994.24,160.19,Smart Cash,0.689,6/30/2019
0.057359722,1.0,6787.01,20.08,Platinum,0.1225,6/30/2019
0.648944,1.0,1755.2800000000002,66.09,Smart Cash,0.6183,6/30/2019
3.285714285714286e-05,1.0,13999.54,0.46,Smart Cash,0.0623,6/30/2019
0.0325685714285714,1.0,6772.02,0.0,Smart Cash,0.0748,6/30/2019
0.6607136363636363,1.0,5225.01,184.85,Smart Cash,0.8141,6/30/2019
0.8949046666666667,0.4008546161714059,1576.4300000000003,81.78,Elite,0.6201,6/30/2019
0.0,,9000.0,0.0,Smart Cash,0.0614,6/30/2019
0.0534290322580645,1.0,5868.74,1.36,Platinum,0.187,6/30/2019
0.2834468,1.0,35827.66,169.87,True Line,0.0216,6/30/2019
0.1647185185185185,1.0,2255.26,0.0,Platinum,0.2113,6/30/2019
0.0142012,1.0,24644.97,4.58,True Line,0.0409,6/30/2019
0.0,,10000.0,0.0,Platinum,0.1029,6/30/2019
0.0,,5200.0,0.0,True Line,0.0974,6/30/2019
0.7504532710280374,1.0,2670.15,115.97,Platinum,0.5131,6/30/2019
0.0114926666666666,1.0,29655.22,0.01,Platinum,0.0551,6/30/2019
0.2340949999999999,1.0,1531.81,10.3,Smart Cash,0.365,6/30/2019
0.980824,1.0,383.52000000000055,0.0,True Line,0.8165,6/30/2019
0.6370842519685039,0.0,4609.03,6.94,True Line Gold,0.0721,6/30/2019
0.8824912500000001,1.0,940.0699999999996,148.79,True Line,0.8539,6/30/2019
0.002405447,1.0,25638.18,0.0,Smart Cash,0.0208,6/30/2019
0.2633333333333333,1.0,2210.0,0.0,Smart Cash,0.3388,6/30/2019
1.024382,1.0,-121.91,94.91,Platinum,0.9014,6/30/2019
0.1707225,1.0,9951.33,0.0,True Line,0.0385,6/30/2019
0.080971304,1.0,10568.83,8.2,True Line,0.2058,6/30/2019
0.0,,2000.0,0.0,True Line,0.0975,6/30/2019
-0.001197667,0.0,30035.93,0.0,Smart Cash,0.0005,6/30/2019
0.004888115,1.0,24280.73,0.0,Platinum,0.0154,6/30/2019
-1.82e-06,0.0,5500.01,0.0,True Line,0.0257,6/30/2019
0.030835,1.0,1938.33,0.0,True Line,0.2105,6/30/2019
0.00507439,1.0,8158.39,0.14,True Line,0.0771,6/30/2019
0.1351299539170507,1.0,18767.68,0.0,Elite,0.0706,6/30/2019
0.7480234513274338,0.0,5694.669999999997,14.15,True Line,0.547,6/30/2019
0.9969483333333332,1.0,54.93000000000029,291.13,True Line,0.9436,6/30/2019
0.43418,1.0,1131.64,0.0,True Line,0.3659,6/30/2019
0.9018360544217688,0.0,1443.0100000000002,0.0,Smart Cash,0.4793,6/30/2019
0.0147328571428571,1.0,6896.87,0.0,True Line,0.1958,6/30/2019
0.9856213793103448,0.000324668,208.4899999999997,11.51,True Line,0.2875,6/30/2019
0.055648889,0.0,16998.32,1.47,Platinum,0.0145,6/30/2019
-0.0022,0.0,7516.5,0.0,Platinum,0.0044,6/30/2019
0.8835292207792208,0.0261848328170302,1793.6499999999994,8.36,Smart Cash,0.3754,6/30/2019
0.950606,0.0,987.88,0.0,True Line,0.6073,6/30/2019
0.008274545,1.0,10908.98,2.11,True Line,0.0317,6/30/2019
0.0,,12700.0,0.0,Smart Cash,0.0277,6/30/2019
1.2121216666666663,1.0,-1272.73,98.91,Smart Cash,0.8445,6/30/2019
0.074266667,1.0,17774.08,0.0,Elite,0.108,6/30/2019
0.904516129,0.0,2072.0,16.5,True Line,0.2228,6/30/2019
0.044212632,1.0,9079.98,0.0,Smart Cash,0.0928,6/30/2019
0.0598135714285714,1.0,13162.61,0.0,True Line,0.0884,6/30/2019
0.1995914285714286,1.0,2801.43,0.0,Elite,0.3778,6/30/2019
0.0,,5000.0,0.0,Platinum,0.1405,6/30/2019
0.6902696551724138,0.5193003034296442,4491.09,84.99,True Line,0.2833,6/30/2019
0.2339,1.0,7661.0,0.0,True Line,0.0476,6/30/2019
0.9,0.0,3000.0,22.35,Platinum,0.4226,6/30/2019
-0.000587083,0.0,24014.09,0.0,Platinum,0.0015,6/30/2019
0.26377,1.0,15460.83,0.0,True Line,0.1337,6/30/2019
0.9631373333333332,0.0,829.4099999999999,53.39,True Line,0.3222,6/30/2019
0.090669259,1.0,24551.93,1.26,Smart Cash,0.0183,6/30/2019
0.8490000000000001,1.0,1313.6999999999996,143.15,True Line,0.881,6/30/2019
0.1882994285714285,1.0,28409.52,0.0,True Line,0.0045,6/30/2019
0.107184,1.0,2232.04,0.0,Smart Cash,0.1836,6/30/2019
0.5776380952380952,1.0,1773.92,33.37,Platinum,0.2967,6/30/2019
0.9975055,0.002880686,49.88999999999942,18.33,True Line Gold,0.5873,6/30/2019
-0.000105,0.0,12001.26,0.0,Smart Cash,0.0083,6/30/2019
0.0468505263157894,1.0,9054.92,0.0,Elite,0.048,6/30/2019
0.526144,0.8943483152901108,4738.56,97.08,True Line,0.2399,6/30/2019
0.0,,10000.0,0.0,True Line,0.053,6/30/2019
0.035779,,,0.0,Elite,0.0706,6/30/2019
0.1318670588235294,,,0.0,True Line,0.0746,6/30/2019
0.1516214285714285,,,0.0,Elite,0.1986,6/30/2019
0.032369286,,,0.0,True Line,0.0302,6/30/2019
0.7046804,,,359.13,Platinum,0.8209,6/30/2019
0.437023,,,101.4,Platinum,0.506,6/30/2019
0.9776011695906432,,,14.23,Platinum,0.4082,6/30/2019
0.080579695,,,0.0,Smart Cash,0.1284,6/30/2019
0.0,,,0.0,True Line Gold,0.1559,6/30/2019
1.1845333333333332,,,117.57,True Line Gold,0.5574,6/30/2019
0.0,,,0.0,Platinum,0.0362,6/30/2019
0.9760733333333332,1.0,,241.58,Platinum,0.6824,6/30/2019
0.0,,,0.0,Elite,0.0825,6/30/2019
0.061884,1.0,4690.58,7.04,True Line,0.3816,6/30/2019
0.950739,0.0,492.6100000000006,7.39,Smart Cash,0.1762,6/30/2019
0.001827241,1.0,28947.01,0.0,Elite,0.0078,6/30/2019
