Feature1,Feature2,Feature3,Feature4,CardType,score
0.0,,10000.0,0.0,True Line Gold,0.0668
0.0405515789473684,1.0,9114.76,0.0,Elite,0.0491
0.960208,0.0,795.8400000000001,0.0,Smart Cash,0.461
0.40173,1.0,2991.35,44.79,Smart Cash,0.5373
0.5938310344827585,0.3986516540755237,5889.450000000003,48.78,True Line Gold,0.0801
0.1764376623376623,1.0,6341.43,0.0,Platinum,0.0797
0.044212632,1.0,9079.98,0.0,Smart Cash,0.1109
0.038028125,1.0,18469.86,0.0,Smart Cash,0.0327
0.032274194,1.0,5999.9,0.0,Smart Cash,0.1271
0.8011394117647059,1.0,3380.6299999999987,253.76,Platinum,0.7356
0.1084984771573604,0.0,17562.58,0.0,Platinum,0.0147
-0.005986842,0.0,19113.75,0.0,Smart Cash,0.0076
0.7340624,1.0,6648.439999999999,385.76,True Line Gold,0.8464
0.36118,1.0,1277.64,0.0,True Line Gold,0.519
0.2199807692307692,1.0,10140.25,0.0,Elite,0.1928
0.004958678,1.0,12040.0,0.0,Smart Cash,0.0375
0.9209103333333334,0.0,2372.689999999999,23.62,True Line,0.3799
0.1998969072164948,1.0,7761.0,0.0,True Line,0.0943
0.0,,3000.0,0.0,True Line Gold,0.1743
0.0,,10000.0,0.0,Platinum,0.0519
6.666666666666668e-06,1.0,8999.94,0.06,Elite,0.0804
1.06112,1.0,-1252.96,291.11,Platinum,0.8978
0.033836,1.0,7246.23,-16.5,Elite,0.2164
0.066301843,1.0,20261.25,31.24,Smart Cash,0.041
0.020852,1.0,4895.74,0.0,Smart Cash,0.1045
0.0284516129032258,1.0,6023.6,0.0,Smart Cash,0.1016
0.004749027,1.0,25577.95,0.0,True Line,0.027
0.0,,7500.0,0.0,Platinum,0.0876
0.081947368,1.0,,,Smart Cash,0.176
0.8913924999999999,1.0,,,Platinum,0.6317
0.9631373333333332,0.0,,,True Line,0.5497
0.99585,0.0,,,Platinum,0.2206
-0.000787083,0.0,,,Elite,0.0107
0.002213333,,,,True Line,0.0415
0.0,,,,True Line Gold,0.1113
0.059115,,,,Platinum,0.1755
-1.82e-06,,,,Elite,0.0684
0.0,,,,Smart Cash,0.0405
0.9958592592592592,,,,Elite,0.4308
0.0,,,,True Line,0.1138
0.000403896,,,,True Line,0.1207
0.1984855,,,,Smart Cash,0.1759
-0.000640667,,,,True Line,0.046
0.0,,,,True Line,0.0867
0.0259092857142857,,,,Platinum,0.0863
0.0,,,,True Line Gold,0.0859
0.8490000000000001,1.0,,,True Line,0.6643
0.000827626,1.0,,,Elite,0.1289
-0.001814,0.0,,,Platinum,0.0279
0.0499115789473684,1.0,,,Smart Cash,0.133
0.8017353658536585,0.8833977515237527,,,True Line,0.519
-0.001197667,0.0,,,Smart Cash,0.0269
0.8882753246753247,0.0211587608849485,,,Elite,0.0941
8.3e-05,1.0,,,Platinum,0.091
0.083276923,1.0,,,True Line Gold,0.1038
0.0,,,,Smart Cash,0.047
0.8810916666666667,1.0,,,Smart Cash,0.53
0.9089091954022988,1.0,,,True Line,0.7602
0.7108828,1.0,,,Platinum,0.3422
0.0,,,,Smart Cash,0.1383
0.6326745,1.0,,,Elite,0.1999
0.0223,1.0,,,Platinum,0.0958
1.229916,1.0,,,Platinum,0.7627
0.5776380952380952,1.0,,,Platinum,0.4693
0.015456,1.0,,,Platinum,0.1776
0.0,,,,True Line,0.1244
0.9856213793103448,0.000324668,,,True Line,0.2223
0.2580371428571428,1.0,,,Smart Cash,0.1635
0.040275652,1.0,,,Platinum,0.2036
0.2043056,1.0,39784.72,174.29,Elite,0.0208
0.915668,0.0,843.3199999999997,0.0,True Line Gold,0.1752
0.12927,1.0,6095.11,0.0,Elite,0.0798
0.065199351,1.0,14395.93,7.22,Platinum,0.0358
0.289692,1.0,3551.54,0.0,True Line,0.3415
0.8745322580645161,0.0,2333.7000000000007,14.23,Platinum,0.3113
0.0,,3200.0,0.0,Smart Cash,0.1542
0.1282264285714285,1.0,12204.83,0.0,Smart Cash,0.0735
0.064781111,1.0,25250.91,36.98,True Line Gold,0.0323
0.6061483606557377,0.2578360272670355,4804.99,28.38,Smart Cash,0.2864
-0.000114786,0.0,25702.95,0.0,True Line,0.0014
0.0,,3000.0,0.0,Elite,0.1364
-0.001428571,0.0,7010.0,0.0,True Line,0.0091
0.9147130612244898,0.0,2089.5299999999997,20.2,Elite,0.2783
0.090669259,1.0,24551.93,1.26,Smart Cash,0.0196
0.0,,12700.0,0.0,Smart Cash,0.0162
0.07237,1.0,4638.15,2.38,Platinum,0.2093
0.102405,1.0,8975.95,12.94,True Line,0.0956
0.6905370078740157,0.0,3930.18,6.82,True Line Gold,0.173
0.3567388888888889,1.0,4631.48,8.76,Elite,0.3688
0.0,,9000.0,0.0,Platinum,0.0808
-0.000105,0.0,12001.26,0.0,Smart Cash,0.0156
0.057359722,1.0,6787.01,20.08,Platinum,0.134
0.6188179310344828,0.4324752642970023,5527.139999999999,65.91,True Line Gold,0.2465
0.5292668246445498,1.0,9932.47,143.62,Smart Cash,0.4529
0.004888115,1.0,24280.73,0.0,Platinum,0.005
0.7504532710280374,1.0,2670.15,115.97,Platinum,0.4982
0.080579695,0.0,18112.58,0.0,Smart Cash,0.0019
0.1299891666666666,1.0,10440.13,0.0,Elite,0.0585
-0.101556771,0.0,21149.89,0.0,Smart Cash,0.0031
0.008817,1.0,9911.83,1.53,Elite,0.0458
0.03380974,1.0,14879.33,0.92,Elite,0.0445
0.0008,1.0,1998.4,1.6,Elite,0.3145
0.978882,0.9999999999999948,422.3600000000006,497.45,True Line Gold,0.9491
0.904516129,0.0,2072.0,16.5,True Line,0.4201
0.0108675,1.0,19782.65,0.0,True Line,0.0159
0.0,,14000.0,0.0,True Line,0.0309
0.048142353,1.0,8090.79,0.0,True Line Gold,0.0592
0.1248041474654378,1.0,18991.75,0.0,Platinum,0.0402
0.782474,1.0,1087.63,38.57,Platinum,0.7482
0.935023448,0.0,942.16,11.47,Smart Cash,0.1486
0.633506,0.4642187024800606,5497.41,77.09,True Line,0.3935
0.0,,2500.0,0.0,True Line,0.1243
0.000463743,1.0,17092.07,8.7,True Line Gold,0.0285
0.9065986206896552,0.0,1354.3199999999997,10.39,True Line,0.1572
0.03434963,1.0,26072.56,11.33,Smart Cash,0.0212
0.009191,1.0,19816.18,0.0,True Line,0.0218
0.2316833333333333,1.0,9219.8,52.45,Platinum,0.2345
0.055193605,1.0,16250.67,0.0,Smart Cash,0.0553
0.602434,1.0,7951.32,188.3,Platinum,0.7796
0.858721,1.0,1412.7900000000006,185.35,True Line Gold,0.7883
0.26377,1.0,15460.83,0.0,True Line,0.0531
0.252262,1.0,7477.38,0.0,Elite,0.215
0.00566,1.0,19886.8,0.0,True Line Gold,0.0383
0.001827241,1.0,28947.01,0.0,Elite,0.0356
0.0403315,1.0,19193.37,6.77,Platinum,0.0739
0.0,,50000.0,0.0,Elite,0.0008
0.0,,2600.0,0.0,True Line Gold,0.2436
0.8839226415094341,1.0,615.21,78.1,Smart Cash,0.607
0.963227,3.460589594491572e-07,1103.1899999999987,22.01,Elite,0.2881
0.016599,1.0,9834.01,1.86,True Line,0.0467
0.9564850340136054,1.0,1279.34,369.81,Smart Cash,0.9054
0.007454106,1.0,20545.7,5.43,Elite,0.0105
0.0,,14000.0,0.0,Smart Cash,0.0577
0.157648,1.0,8423.52,0.0,Smart Cash,0.127
0.3527152777777778,1.0,4660.45,35.81,True Line Gold,0.1595
0.0371604,1.0,48141.98,0.0,Elite,0.0006
0.1406581967213114,1.0,20967.94,0.0,Smart Cash,0.0561
3.285714285714286e-05,1.0,13999.54,0.46,Smart Cash,0.1017
0.039188571,1.0,6725.68,0.0,Platinum,0.3433
-0.0022,0.0,,0.0,Platinum,0.1062
0.6510462068965517,0.470005307,,68.45,Platinum,0.3212
0.176476,1.0,,0.0,Platinum,0.075
0.2052529411764706,1.0,,0.0,Elite,0.0358
0.6786479999999999,1.0,,71.34,Smart Cash,0.5188
0.706622,1.0,,29.45,True Line,0.331
0.0,,,0.0,True Line,0.0424
0.8988112500000001,1.0,,418.02,Platinum,0.8415
0.0,,,0.0,Elite,0.0519
0.9613777777777778,1.0,,208.62,True Line,0.8543
0.40978,0.6778173654155888,5902.2,72.36,Elite,0.2894
0.0474435,1.0,19051.13,0.05,True Line,0.0358
0.035779,1.0,9642.21,0.0,Elite,0.0461
0.43627,1.0,1127.46,0.0,Platinum,0.1912
0.0,,8000.0,0.0,Platinum,0.0459
-0.000640667,0.0,30019.22,0.0,Platinum,0.0011
0.7244308,1.0,6889.23,324.63,Elite,0.9073
0.4513619047619048,1.0,2304.28,27.7,True Line,0.4436
0.007865714,1.0,13889.88,0.0,Platinum,0.1148
0.9162268965517242,0.0,1214.7099999999991,11.7,True Line,0.2677
0.5890599999999999,1.0,205.47000000000003,9.11,Elite,0.3568
0.0310185714285714,1.0,13565.74,0.0,True Line,0.0322
0.0,,3000.0,0.0,Platinum,0.0627
0.8835292207792208,0.0261848328170302,1793.6499999999994,8.36,Smart Cash,0.6094
-5.6e-06,0.0,12500.07,0.0,True Line Gold,0.0043
2.1428571428571427e-06,1.0,13999.97,0.03,Platinum,0.1015
1.0234235,1.0,-468.47,376.42,Elite,0.908
0.7176047999999999,1.0,7059.880000000001,331.84,Smart Cash,0.8648
0.0483257142857142,1.0,13323.44,0.0,Smart Cash,0.0915
0.444044,0.666030844,5559.56,9.64,True Line Gold,0.2081
0.0270937777777777,1.0,65671.17,0.93,Smart Cash,0.0002
0.0835386,1.0,45823.07,167.33,Elite,0.0045
0.004377857,1.0,13938.71,0.0,Platinum,0.0796
0.0468505263157894,1.0,9054.92,0.0,Elite,0.0762
0.6672552631578947,1.0,1264.4299999999996,70.71,Smart Cash,0.4519
0.043897464,1.0,26388.43,0.0,Platinum,0.0064
-1.82e-06,0.0,5500.01,0.0,Smart Cash,0.0212
0.437023,1.0,5629.77,101.4,Platinum,0.6578
0.704968,1.0,737.5799999999997,0.0,Smart Cash,0.5966
0.007498214,1.0,11116.02,0.0,Elite,0.0708
0.0,,12700.0,0.0,Platinum,0.0509
0.111572,1.0,8884.28,0.1,Smart Cash,0.2551
0.038944348,1.0,11052.14,0.0,Platinum,0.0977
0.914384,1.0,214.04,34.63,Smart Cash,0.6818
0.1351299539170507,1.0,18767.68,0.0,Elite,0.1152
0.490914,1.0,5090.86,119.68,Elite,0.5665
7.6e-05,1.0,4999.62,0.0,Platinum,0.2903
0.1318670588235294,1.0,7379.13,0.0,True Line,0.1645
0.950606,0.0,987.88,0.0,True Line,0.1933
0.259445,1.0,14811.1,0.0,True Line,0.0434
-0.000640667,0.0,30019.22,0.0,True Line,0.0047
0.065636,1.0,4671.82,0.0,True Line Gold,0.3593
0.0,,1000.0,0.0,True Line Gold,0.1086
0.023346667,1.0,11719.84,0.09,Elite,0.0582
0.20946,1.0,7905.4,3.15,True Line,0.3506
0.0,,2500.0,0.0,Elite,0.0501
0.0,,2500.0,0.0,Elite,0.0583
0.8004760000000001,1.0,1995.24,125.97,Platinum,0.7936
0.0,,38900.0,0.0,Smart Cash,0.0016
0.2348760000000001,1.0,3825.62,0.0,Smart Cash,0.2418
0.235828,0.0,11462.58,0.0,Smart Cash,0.019
0.0142012,1.0,24644.97,4.58,True Line,0.0272
0.7989121951219512,0.8928649932530208,1648.92,113.99,Smart Cash,0.8275
0.2435568571428572,1.0,26475.51,0.0,True Line,0.038
0.0,,400.0,0.0,Elite,0.1857
0.000415385,1.0,2598.92,1.08,Smart Cash,0.0395
0.8949046666666667,0.4008546161714059,1576.4300000000003,81.78,Elite,0.5407
0.2406290476190477,1.0,15946.79,0.0,True Line,0.0538
0.6500493333333334,0.4547849701663669,5249.26,72.48,Smart Cash,0.1893
0.03059,1.0,4847.05,3.58,True Line,0.0817
0.6370842519685039,0.0,4609.03,6.94,True Line Gold,0.1167
1.069222,1.0,-692.22,206.77,Elite,0.9313
1.5486,1.0,-658.32,31.43,Elite,0.8512
0.1824946666666666,0.0,12262.58,0.0,Elite,0.017
0.9116802259887006,1.0,1563.2600000000002,0.0,Elite,0.6125
0.6607136363636363,1.0,5225.01,184.85,Smart Cash,0.6317
0.2624946666666666,0.0,11062.58,0.0,True Line,0.0526
0.1275164705882353,1.0,7416.11,12.39,Smart Cash,0.2087
0.0,,14000.0,0.0,True Line,0.0935
0.107184,1.0,2232.04,0.0,Smart Cash,0.1891
0.9205,1.0,636.0,156.66,Platinum,0.7576
0.9365011494252874,1.0,552.4399999999996,144.23,Elite,0.7983
-0.02,0.0,10200.0,0.0,Elite,0.0126
0.90074375,1.0,794.0500000000003,145.47,True Line Gold,0.8168
0.45962,1.0,2701.9,14.62,Platinum,0.2593
0.6538039024390244,1.0,7097.02,203.28,True Line,0.668
0.8125806060606059,1.0,3092.42,272.63,Smart Cash,0.8481
0.1516018181818181,1.0,9332.38,0.0,Elite,0.4353
0.246897619047619,1.0,3163.03,17.3,True Line Gold,0.5413
0.0,,3000.0,0.0,True Line Gold,0.0573
0.5321176470588236,0.033119610877736,795.4,3.62,True Line Gold,0.13
0.9844163333333332,2.370270844077149e-05,467.5099999999984,12.49,Elite,0.2016
0.260875,1.0,1478.25,11.62,Smart Cash,0.2344
-0.3522,0.0,811.3199999999997,427.23,Elite,0.1568
-0.003649533,0.0,10739.05,35.95,Smart Cash,0.0342
0.6729275862068966,0.4969976786967906,4742.549999999998,83.52,Elite,0.2896
0.8493471698113207,1.0,798.46,109.86,True Line Gold,0.6856
0.43418,1.0,1131.64,0.0,True Line,0.1455
1.06004,1.0,-360.24,112.42,True Line,0.8328
0.9412820689655172,1.0,851.4099999999999,240.75,Smart Cash,0.7939
0.5924281818181818,1.0,4483.29,110.77,True Line,0.4927
0.9109455782312924,0.0,1309.1000000000004,0.0,Smart Cash,0.2079
1.0108895,0.002125356,-217.79,7.53,Platinum,0.3995
0.0249576470588235,1.0,8287.86,0.0,Platinum,0.0296
0.0,,5000.0,0.0,True Line Gold,0.0297
0.048206,1.0,9517.94,0.0,True Line,0.3154
0.4675,1.0,3834.0,38.56,Platinum,0.2445
0.0201442857142857,1.0,13717.98,10.81,True Line Gold,0.0296
0.1250780769230769,1.0,22747.97,0.0,Elite,0.1267
0.002405447,1.0,25638.18,0.0,Smart Cash,0.1397
0.9306548148148148,1.0,936.16,182.51,True Line Gold,0.7317
0.0400094736842105,1.0,9119.91,0.0,Elite,0.0788
0.9263341013824884,0.0,1598.5499999999995,17.45,True Line,0.3868
0.087214286,1.0,3194.75,0.18,Smart Cash,0.4014
0.1127242857142857,1.0,31054.65,0.0,Smart Cash,0.0062
0.117313,1.0,8826.869999999999,108.6,True Line,0.1864
0.9507128205128206,1.0,576.6599999999999,148.54,Elite,0.8748
-0.069928889,0.0,9629.36,0.0,Elite,0.0132
-0.000496,0.0,20009.92,0.0,Elite,0.0026
1.0195014,1.0,-975.07,978.37,Smart Cash,0.9947
0.009918889,1.0,8910.73,0.0,Platinum,0.0354
0.9294414965986396,0.0,1037.2099999999991,0.0,Smart Cash,0.2989
0.2996791666666666,1.0,5042.31,40.02,Smart Cash,0.2641
0.002534286,1.0,13964.52,0.0,True Line,0.0682
0.289606,1.0,3551.970000000001,0.0,True Line,0.2096
0.0,,9000.0,0.0,True Line,0.0822
0.179349,1.0,8206.51,40.07,True Line,0.3086
0.0426649999999999,1.0,1914.67,0.0,True Line Gold,0.1974
0.668536,1.0,1657.3200000000006,59.44,Platinum,0.6498
0.0,,5000.0,0.0,Platinum,0.089
0.9154668202764976,0.0,1834.369999999999,15.63,Platinum,0.3261
0.0,,9000.0,0.0,True Line,0.0348
0.3930412371134021,0.0,11775.0,0.0,True Line Gold,0.0445
-0.001197667,0.0,30035.93,0.0,True Line Gold,0.001
0.969907,0.0,601.8600000000006,0.0,Smart Cash,0.6544
0.7199000000000001,0.0,4789.709999999999,11.13,True Line,0.3692
0.3718785714285714,1.0,2638.11,15.26,Elite,0.4104
0.8824912500000001,1.0,940.0699999999996,148.79,True Line,0.7234
1.3282040000000002,1.0,-820.51,62.26,Elite,0.8199
0.036242056,1.0,10312.21,0.0,Elite,0.1849
0.8203025974025974,1.0,2767.34,193.42,Platinum,0.8073
0.0,,9000.0,0.0,Elite,0.0827
0.0283557142857142,1.0,6801.51,0.0,True Line Gold,0.0352
0.061814074,1.0,25331.02,0.0,True Line,0.0449
0.098562,1.0,9014.38,10.52,Elite,0.1644
0.0147328571428571,1.0,6896.87,0.0,True Line,0.0535
0.1945241935483871,1.0,4993.95,0.0,Smart Cash,0.1581
-1.82e-06,0.0,5500.01,0.0,True Line,0.0228
3.846153846153846e-06,1.0,2599.99,0.0,Platinum,0.1602
0.1524509523809523,1.0,17798.53,0.0,Elite,0.0511
0.1540099999999999,0.0,15227.82,2.52,True Line Gold,0.0101
0.3548914,1.0,32255.43,49.19,Platinum,0.0317
0.019417094017094,1.0,11472.82,0.0,Platinum,0.0853
0.9201469387755102,0.0,1173.84,0.0,Smart Cash,0.533
0.1888342857142857,1.0,2839.08,0.0,Platinum,0.0471
0.2633333333333333,1.0,2210.0,0.0,Smart Cash,0.2545
0.0254545,1.0,19490.91,0.0,True Line Gold,0.0411
0.483557,1.0,10328.86,158.86,Smart Cash,0.49
0.654726,1.0,1726.37,62.7,True Line,0.5482
0.482692,1.0,2586.54,38.86,Smart Cash,0.2174
0.503718,1.0,2481.41,62.45,Platinum,0.5422
